I_TURN_RIGHT I_TURN_RIGHT I_TURN_RIGHT I_TURN_RIGHT I_TURN_RIGHT I_TURN_RIGHT I_TURN_LEFT I_TURN_LEFT,I_TURN_RIGHT I_TURN_RIGHT I_TURN_RIGHT I_TURN_RIGHT I_TURN_RIGHT I_TURN_RIGHT I_TURN_LEFT I_TURN_LEFT,True
I_TURN_RIGHT I_WALK I_TURN_RIGHT I_WALK I_TURN_RIGHT I_RUN I_TURN_RIGHT I_RUN,I_TURN_RIGHT I_WALK I_TURN_RIGHT I_WALK I_TURN_RIGHT I_RUN I_TURN_RIGHT I_RUN,True
I_TURN_RIGHT I_LOOK I_TURN_RIGHT I_LOOK I_TURN_RIGHT I_LOOK I_TURN_RIGHT I_LOOK I_TURN_RIGHT I_LOOK I_TURN_RIGHT I_LOOK I_TURN_RIGHT I_LOOK I_TURN_RIGHT I_LOOK I_TURN_LEFT I_TURN_LEFT I_TURN_LEFT,I_TURN_RIGHT I_LOOK I_TURN_RIGHT I_LOOK I_TURN_RIGHT I_LOOK I_TURN_RIGHT I_LOOK I_TURN_RIGHT I_LOOK I_TURN_RIGHT I_LOOK I_TURN_RIGHT I_LOOK I_TURN_RIGHT I_LOOK I_TURN_LEFT I_TURN_LEFT I_TURN_LEFT,True
I_TURN_LEFT I_JUMP I_TURN_LEFT I_JUMP I_TURN_LEFT I_JUMP I_TURN_LEFT I_JUMP I_TURN_LEFT I_JUMP I_TURN_LEFT I_JUMP I_TURN_LEFT I_JUMP I_TURN_LEFT I_JUMP I_TURN_LEFT I_JUMP I_TURN_LEFT I_JUMP I_TURN_LEFT I_JUMP I_TURN_LEFT I_JUMP I_TURN_RIGHT I_RUN I_TURN_RIGHT I_RUN I_TURN_RIGHT I_RUN,I_TURN_LEFT I_JUMP I_TURN_LEFT I_JUMP I_TURN_LEFT I_JUMP I_TURN_LEFT I_JUMP I_TURN_LEFT I_JUMP I_TURN_LEFT I_JUMP I_TURN_LEFT I_JUMP I_TURN_LEFT I_JUMP I_TURN_LEFT I_JUMP I_TURN_LEFT I_JUMP I_TURN_LEFT I_JUMP I_TURN_LEFT I_JUMP I_TURN_RIGHT I_RUN I_TURN_RIGHT I_RUN I_TURN_RIGHT I_RUN,True
I_RUN I_RUN I_RUN I_TURN_LEFT I_TURN_LEFT I_WALK,I_RUN I_RUN I_RUN I_TURN_LEFT I_TURN_LEFT I_WALK,True
I_TURN_RIGHT I_WALK I_TURN_RIGHT I_WALK I_TURN_RIGHT I_WALK I_TURN_RIGHT I_WALK I_TURN_RIGHT I_WALK I_TURN_RIGHT I_WALK I_TURN_RIGHT I_WALK I_TURN_RIGHT I_WALK I_TURN_RIGHT I_WALK I_TURN_RIGHT I_WALK I_TURN_RIGHT I_WALK I_TURN_RIGHT I_WALK I_TURN_RIGHT I_TURN_RIGHT I_JUMP,I_TURN_RIGHT I_WALK I_TURN_RIGHT I_WALK I_TURN_RIGHT I_WALK I_TURN_RIGHT I_WALK I_TURN_RIGHT I_WALK I_TURN_RIGHT I_WALK I_TURN_RIGHT I_WALK I_TURN_RIGHT I_WALK I_TURN_RIGHT I_WALK I_TURN_RIGHT I_WALK I_TURN_RIGHT I_WALK I_TURN_RIGHT I_WALK I_TURN_RIGHT I_TURN_RIGHT I_JUMP,True
I_TURN_LEFT I_JUMP I_TURN_LEFT I_JUMP I_TURN_LEFT I_JUMP I_TURN_LEFT I_JUMP I_TURN_LEFT I_JUMP I_TURN_LEFT I_JUMP I_TURN_LEFT I_JUMP I_TURN_LEFT I_JUMP I_TURN_LEFT I_LOOK I_TURN_LEFT I_LOOK I_TURN_LEFT I_LOOK I_TURN_LEFT I_LOOK,I_TURN_LEFT I_JUMP I_TURN_LEFT I_JUMP I_TURN_LEFT I_JUMP I_TURN_LEFT I_JUMP I_TURN_LEFT I_JUMP I_TURN_LEFT I_JUMP I_TURN_LEFT I_JUMP I_TURN_LEFT I_JUMP I_TURN_LEFT I_LOOK I_TURN_LEFT I_LOOK I_TURN_LEFT I_LOOK I_TURN_LEFT I_LOOK,True
I_TURN_RIGHT I_TURN_RIGHT I_LOOK I_TURN_RIGHT I_TURN_RIGHT I_LOOK I_TURN_LEFT I_TURN_LEFT I_JUMP I_TURN_LEFT I_TURN_LEFT I_JUMP,I_TURN_RIGHT I_TURN_RIGHT I_LOOK I_TURN_RIGHT I_TURN_RIGHT I_LOOK I_TURN_LEFT I_TURN_LEFT I_JUMP I_TURN_LEFT I_TURN_LEFT I_JUMP,True
I_TURN_LEFT I_LOOK I_TURN_LEFT I_LOOK I_TURN_LEFT I_LOOK I_TURN_LEFT I_LOOK I_TURN_RIGHT I_TURN_RIGHT I_LOOK I_TURN_RIGHT I_TURN_RIGHT I_LOOK I_TURN_RIGHT I_TURN_RIGHT I_LOOK,I_TURN_LEFT I_LOOK I_TURN_LEFT I_LOOK I_TURN_LEFT I_LOOK I_TURN_LEFT I_LOOK I_TURN_RIGHT I_TURN_RIGHT I_LOOK I_TURN_RIGHT I_TURN_RIGHT I_LOOK I_TURN_RIGHT I_TURN_RIGHT I_LOOK,True
I_TURN_LEFT I_TURN_LEFT I_LOOK I_WALK I_WALK,I_TURN_LEFT I_TURN_LEFT I_LOOK I_WALK I_WALK,True
I_TURN_RIGHT I_TURN_RIGHT I_RUN I_TURN_RIGHT I_TURN_RIGHT I_RUN I_TURN_RIGHT I_TURN_RIGHT I_RUN I_TURN_RIGHT I_TURN_RIGHT,I_TURN_RIGHT I_TURN_RIGHT I_RUN I_TURN_RIGHT I_TURN_RIGHT I_RUN I_TURN_RIGHT I_TURN_RIGHT I_RUN I_TURN_RIGHT I_TURN_RIGHT,True
I_LOOK I_LOOK I_TURN_RIGHT I_TURN_RIGHT,I_LOOK I_LOOK I_TURN_RIGHT I_TURN_RIGHT,True
I_TURN_LEFT I_TURN_LEFT I_WALK I_TURN_LEFT I_TURN_LEFT I_WALK I_TURN_LEFT I_TURN_LEFT I_WALK I_TURN_LEFT I_JUMP I_TURN_LEFT I_JUMP I_TURN_LEFT I_JUMP I_TURN_LEFT I_JUMP I_TURN_LEFT I_JUMP I_TURN_LEFT I_JUMP I_TURN_LEFT I_JUMP I_TURN_LEFT I_JUMP,I_TURN_LEFT I_TURN_LEFT I_WALK I_TURN_LEFT I_TURN_LEFT I_WALK I_TURN_LEFT I_TURN_LEFT I_WALK I_TURN_LEFT I_JUMP I_TURN_LEFT I_JUMP I_TURN_LEFT I_JUMP I_TURN_LEFT I_JUMP I_TURN_LEFT I_JUMP I_TURN_LEFT I_JUMP I_TURN_LEFT I_JUMP I_TURN_LEFT I_JUMP,True
I_TURN_LEFT I_LOOK I_TURN_LEFT I_LOOK I_TURN_LEFT I_LOOK I_TURN_RIGHT I_JUMP I_TURN_RIGHT I_JUMP I_TURN_RIGHT I_JUMP I_TURN_RIGHT I_JUMP I_TURN_RIGHT I_JUMP I_TURN_RIGHT I_JUMP I_TURN_RIGHT I_JUMP I_TURN_RIGHT I_JUMP I_TURN_RIGHT I_JUMP I_TURN_RIGHT I_JUMP I_TURN_RIGHT I_JUMP I_TURN_RIGHT I_JUMP,I_TURN_LEFT I_LOOK I_TURN_LEFT I_LOOK I_TURN_LEFT I_LOOK I_TURN_RIGHT I_JUMP I_TURN_RIGHT I_JUMP I_TURN_RIGHT I_JUMP I_TURN_RIGHT I_JUMP I_TURN_RIGHT I_JUMP I_TURN_RIGHT I_JUMP I_TURN_RIGHT I_JUMP I_TURN_RIGHT I_JUMP I_TURN_RIGHT I_JUMP I_TURN_RIGHT I_JUMP I_TURN_RIGHT I_JUMP I_TURN_RIGHT I_JUMP,True
I_RUN I_RUN I_TURN_LEFT I_WALK I_TURN_LEFT I_WALK I_TURN_LEFT I_WALK,I_RUN I_RUN I_TURN_LEFT I_WALK I_TURN_LEFT I_WALK I_TURN_LEFT I_WALK,True
I_TURN_RIGHT I_TURN_RIGHT I_JUMP I_TURN_RIGHT I_RUN I_TURN_RIGHT I_RUN I_TURN_RIGHT I_RUN I_TURN_RIGHT I_RUN I_TURN_RIGHT I_RUN I_TURN_RIGHT I_RUN I_TURN_RIGHT I_RUN I_TURN_RIGHT I_RUN I_TURN_RIGHT I_RUN I_TURN_RIGHT I_RUN I_TURN_RIGHT I_RUN I_TURN_RIGHT I_RUN,I_TURN_RIGHT I_TURN_RIGHT I_JUMP I_TURN_RIGHT I_RUN I_TURN_RIGHT I_RUN I_TURN_RIGHT I_RUN I_TURN_RIGHT I_RUN I_TURN_RIGHT I_RUN I_TURN_RIGHT I_RUN I_TURN_RIGHT I_RUN I_TURN_RIGHT I_RUN I_TURN_RIGHT I_RUN I_TURN_RIGHT I_RUN I_TURN_RIGHT I_RUN I_TURN_RIGHT I_RUN,True
I_TURN_LEFT I_TURN_LEFT I_JUMP I_TURN_LEFT I_TURN_LEFT I_JUMP I_TURN_LEFT I_RUN I_TURN_LEFT I_RUN,I_TURN_LEFT I_TURN_LEFT I_JUMP I_TURN_LEFT I_TURN_LEFT I_JUMP I_TURN_LEFT I_RUN I_TURN_LEFT I_RUN,True
I_TURN_LEFT I_TURN_LEFT I_RUN I_TURN_RIGHT I_WALK I_TURN_RIGHT I_WALK I_TURN_RIGHT I_WALK I_TURN_RIGHT I_WALK I_TURN_RIGHT I_WALK I_TURN_RIGHT I_WALK I_TURN_RIGHT I_WALK I_TURN_RIGHT I_WALK,I_TURN_LEFT I_TURN_LEFT I_RUN I_TURN_RIGHT I_WALK I_TURN_RIGHT I_WALK I_TURN_RIGHT I_WALK I_TURN_RIGHT I_WALK I_TURN_RIGHT I_WALK I_TURN_RIGHT I_WALK I_TURN_RIGHT I_WALK I_TURN_RIGHT I_WALK,True
I_TURN_RIGHT I_TURN_RIGHT I_TURN_RIGHT I_RUN I_RUN,I_TURN_RIGHT I_TURN_RIGHT I_TURN_RIGHT I_RUN I_RUN,True
I_LOOK I_TURN_LEFT I_TURN_LEFT I_TURN_LEFT I_TURN_LEFT I_TURN_LEFT I_TURN_LEFT I_TURN_LEFT I_TURN_LEFT I_TURN_LEFT I_TURN_LEFT I_TURN_LEFT I_TURN_LEFT,I_LOOK I_TURN_LEFT I_TURN_LEFT I_TURN_LEFT I_TURN_LEFT I_TURN_LEFT I_TURN_LEFT I_TURN_LEFT I_TURN_LEFT I_TURN_LEFT I_TURN_LEFT I_TURN_LEFT I_TURN_LEFT,True
I_TURN_RIGHT I_TURN_RIGHT I_TURN_RIGHT I_TURN_RIGHT I_TURN_RIGHT I_TURN_RIGHT I_TURN_RIGHT I_TURN_RIGHT I_TURN_RIGHT I_TURN_RIGHT,I_TURN_RIGHT I_TURN_RIGHT I_TURN_RIGHT I_TURN_RIGHT I_TURN_RIGHT I_TURN_RIGHT I_TURN_RIGHT I_TURN_RIGHT I_TURN_RIGHT I_TURN_RIGHT,True
I_TURN_RIGHT I_TURN_RIGHT I_TURN_RIGHT I_TURN_RIGHT I_TURN_RIGHT I_TURN_RIGHT I_TURN_RIGHT I_TURN_RIGHT I_TURN_RIGHT I_TURN_RIGHT I_TURN_RIGHT I_TURN_RIGHT I_TURN_RIGHT,I_TURN_RIGHT I_TURN_RIGHT I_TURN_RIGHT I_TURN_RIGHT I_TURN_RIGHT I_TURN_RIGHT I_TURN_RIGHT I_TURN_RIGHT I_TURN_RIGHT I_TURN_RIGHT I_TURN_RIGHT I_TURN_RIGHT I_TURN_RIGHT I_TURN_RIGHT,False
I_TURN_RIGHT I_TURN_RIGHT I_LOOK I_LOOK,I_TURN_RIGHT I_TURN_RIGHT I_LOOK I_LOOK,True
I_WALK I_WALK I_WALK I_TURN_LEFT,I_WALK I_WALK I_WALK I_TURN_LEFT,True
I_TURN_RIGHT I_TURN_RIGHT I_TURN_RIGHT I_TURN_RIGHT I_TURN_RIGHT I_TURN_RIGHT I_TURN_RIGHT I_RUN,I_TURN_RIGHT I_TURN_RIGHT I_TURN_RIGHT I_TURN_RIGHT I_TURN_RIGHT I_TURN_RIGHT I_RUN,False
I_TURN_RIGHT I_WALK I_TURN_RIGHT I_WALK I_TURN_RIGHT I_JUMP I_TURN_RIGHT I_JUMP I_TURN_RIGHT I_JUMP I_TURN_RIGHT I_JUMP I_TURN_RIGHT I_JUMP I_TURN_RIGHT I_JUMP I_TURN_RIGHT I_JUMP I_TURN_RIGHT I_JUMP,I_TURN_RIGHT I_WALK I_TURN_RIGHT I_WALK I_TURN_RIGHT I_JUMP I_TURN_RIGHT I_JUMP I_TURN_RIGHT I_JUMP I_TURN_RIGHT I_JUMP I_TURN_RIGHT I_JUMP I_TURN_RIGHT I_JUMP I_TURN_RIGHT I_JUMP I_TURN_RIGHT I_JUMP,True
I_TURN_RIGHT I_TURN_RIGHT I_RUN I_TURN_RIGHT I_TURN_RIGHT I_TURN_RIGHT I_TURN_RIGHT I_TURN_RIGHT I_TURN_RIGHT I_TURN_RIGHT I_TURN_RIGHT I_TURN_RIGHT I_TURN_RIGHT I_TURN_RIGHT I_TURN_RIGHT,I_TURN_RIGHT I_TURN_RIGHT I_RUN I_TURN_RIGHT I_TURN_RIGHT I_TURN_RIGHT I_TURN_RIGHT I_TURN_RIGHT I_TURN_RIGHT I_TURN_RIGHT I_TURN_RIGHT I_TURN_RIGHT I_TURN_RIGHT I_TURN_RIGHT I_TURN_RIGHT,True
I_TURN_LEFT I_JUMP I_TURN_LEFT I_JUMP I_TURN_LEFT I_JUMP I_TURN_LEFT I_JUMP I_TURN_LEFT I_JUMP I_TURN_LEFT I_JUMP I_TURN_LEFT I_JUMP I_TURN_LEFT I_JUMP I_JUMP,I_TURN_LEFT I_JUMP I_TURN_LEFT I_JUMP I_TURN_LEFT I_JUMP I_TURN_LEFT I_JUMP I_TURN_LEFT I_JUMP I_TURN_LEFT I_JUMP I_TURN_LEFT I_JUMP I_TURN_LEFT I_JUMP I_JUMP,True
I_TURN_RIGHT I_WALK I_TURN_RIGHT I_WALK I_TURN_RIGHT I_WALK I_TURN_RIGHT I_WALK I_TURN_RIGHT I_WALK I_TURN_RIGHT I_WALK I_TURN_RIGHT I_WALK I_TURN_RIGHT I_WALK I_TURN_RIGHT I_TURN_RIGHT,I_TURN_RIGHT I_WALK I_TURN_RIGHT I_WALK I_TURN_RIGHT I_WALK I_TURN_RIGHT I_WALK I_TURN_RIGHT I_WALK I_TURN_RIGHT I_WALK I_TURN_RIGHT I_WALK I_TURN_RIGHT I_WALK I_TURN_RIGHT I_TURN_RIGHT,True
I_TURN_LEFT I_TURN_LEFT I_TURN_LEFT I_TURN_LEFT I_TURN_LEFT I_TURN_LEFT I_TURN_LEFT I_TURN_LEFT,I_TURN_LEFT I_TURN_LEFT I_TURN_LEFT I_TURN_LEFT I_TURN_LEFT I_TURN_LEFT I_TURN_LEFT,False
I_TURN_LEFT I_JUMP I_TURN_LEFT I_TURN_LEFT,I_TURN_LEFT I_JUMP I_TURN_LEFT I_TURN_LEFT,True
I_TURN_RIGHT I_LOOK I_TURN_RIGHT I_LOOK I_TURN_RIGHT I_LOOK I_TURN_RIGHT I_LOOK I_TURN_RIGHT I_TURN_RIGHT I_TURN_RIGHT,I_TURN_RIGHT I_LOOK I_TURN_RIGHT I_LOOK I_TURN_RIGHT I_LOOK I_TURN_RIGHT I_LOOK I_TURN_RIGHT I_TURN_RIGHT I_TURN_RIGHT,True
I_TURN_RIGHT I_TURN_RIGHT I_TURN_RIGHT I_TURN_RIGHT I_TURN_RIGHT I_TURN_RIGHT I_TURN_RIGHT I_TURN_RIGHT I_TURN_LEFT I_LOOK,I_TURN_RIGHT I_TURN_RIGHT I_TURN_RIGHT I_TURN_RIGHT I_TURN_RIGHT I_TURN_RIGHT I_TURN_RIGHT I_TURN_RIGHT I_TURN_LEFT I_LOOK,True
I_TURN_LEFT I_TURN_LEFT I_RUN I_TURN_LEFT I_TURN_LEFT I_RUN I_TURN_LEFT I_TURN_LEFT I_LOOK,I_TURN_LEFT I_TURN_LEFT I_RUN I_TURN_LEFT I_TURN_LEFT I_RUN I_TURN_LEFT I_TURN_LEFT I_LOOK,True
I_TURN_RIGHT I_TURN_RIGHT I_WALK I_TURN_LEFT I_JUMP I_TURN_LEFT I_JUMP I_TURN_LEFT I_JUMP I_TURN_LEFT I_JUMP,I_TURN_RIGHT I_TURN_RIGHT I_WALK I_TURN_LEFT I_JUMP I_TURN_LEFT I_JUMP I_TURN_LEFT I_JUMP I_TURN_LEFT I_JUMP,True
I_TURN_LEFT I_TURN_RIGHT I_RUN I_TURN_RIGHT I_RUN I_TURN_RIGHT I_RUN I_TURN_RIGHT I_RUN,I_TURN_LEFT I_TURN_RIGHT I_RUN I_TURN_RIGHT I_RUN I_TURN_RIGHT I_RUN I_TURN_RIGHT I_RUN,True
I_TURN_RIGHT I_WALK I_TURN_RIGHT I_TURN_RIGHT I_LOOK I_TURN_RIGHT I_TURN_RIGHT I_LOOK I_TURN_RIGHT I_TURN_RIGHT I_LOOK,I_TURN_RIGHT I_WALK I_TURN_RIGHT I_TURN_RIGHT I_LOOK I_TURN_RIGHT I_TURN_RIGHT I_LOOK I_TURN_RIGHT I_TURN_RIGHT I_LOOK,True
I_TURN_RIGHT I_TURN_RIGHT I_TURN_RIGHT I_TURN_RIGHT I_RUN I_TURN_RIGHT I_RUN,I_TURN_RIGHT I_TURN_RIGHT I_TURN_RIGHT I_TURN_RIGHT I_RUN I_TURN_RIGHT I_RUN,True
I_TURN_RIGHT I_RUN I_TURN_RIGHT I_RUN I_TURN_RIGHT I_WALK I_TURN_RIGHT I_WALK I_TURN_RIGHT I_WALK,I_TURN_RIGHT I_RUN I_TURN_RIGHT I_RUN I_TURN_RIGHT I_WALK I_TURN_RIGHT I_WALK I_TURN_RIGHT I_WALK,True
I_TURN_RIGHT I_JUMP I_TURN_RIGHT I_JUMP I_TURN_RIGHT I_JUMP I_TURN_RIGHT I_JUMP I_TURN_RIGHT I_JUMP I_TURN_RIGHT I_JUMP I_TURN_RIGHT I_JUMP I_TURN_RIGHT I_JUMP I_TURN_LEFT I_WALK,I_TURN_RIGHT I_JUMP I_TURN_RIGHT I_JUMP I_TURN_RIGHT I_JUMP I_TURN_RIGHT I_JUMP I_TURN_RIGHT I_JUMP I_TURN_RIGHT I_JUMP I_TURN_RIGHT I_JUMP I_TURN_RIGHT I_JUMP I_TURN_LEFT I_WALK,True
I_TURN_LEFT I_TURN_LEFT I_JUMP I_TURN_LEFT I_TURN_LEFT I_JUMP I_TURN_LEFT I_TURN_LEFT I_JUMP I_TURN_LEFT I_TURN_LEFT,I_TURN_LEFT I_TURN_LEFT I_JUMP I_TURN_LEFT I_TURN_LEFT I_JUMP I_TURN_LEFT I_TURN_LEFT I_JUMP I_TURN_LEFT I_TURN_LEFT,True
I_TURN_RIGHT I_RUN I_TURN_RIGHT I_RUN I_TURN_RIGHT I_RUN I_TURN_RIGHT I_RUN I_TURN_RIGHT I_RUN I_TURN_RIGHT I_RUN I_TURN_RIGHT I_RUN I_TURN_RIGHT I_RUN I_TURN_RIGHT I_RUN I_TURN_RIGHT I_RUN I_TURN_RIGHT I_RUN I_TURN_RIGHT I_RUN I_TURN_RIGHT I_TURN_RIGHT I_WALK,I_TURN_RIGHT I_RUN I_TURN_RIGHT I_RUN I_TURN_RIGHT I_RUN I_TURN_RIGHT I_RUN I_TURN_RIGHT I_RUN I_TURN_RIGHT I_RUN I_TURN_RIGHT I_RUN I_TURN_RIGHT I_RUN I_TURN_RIGHT I_RUN I_TURN_RIGHT I_RUN I_TURN_RIGHT I_RUN I_TURN_RIGHT I_RUN I_TURN_RIGHT I_TURN_RIGHT I_WALK,True
I_TURN_RIGHT I_LOOK I_TURN_RIGHT I_LOOK I_TURN_RIGHT I_LOOK I_TURN_RIGHT I_LOOK I_TURN_RIGHT I_LOOK I_TURN_RIGHT I_LOOK I_TURN_RIGHT I_LOOK I_TURN_RIGHT I_LOOK I_TURN_LEFT I_TURN_LEFT I_JUMP I_TURN_LEFT I_TURN_LEFT I_JUMP I_TURN_LEFT I_TURN_LEFT I_JUMP,I_TURN_RIGHT I_LOOK I_TURN_RIGHT I_LOOK I_TURN_RIGHT I_LOOK I_TURN_RIGHT I_LOOK I_TURN_RIGHT I_LOOK I_TURN_RIGHT I_LOOK I_TURN_RIGHT I_LOOK I_TURN_RIGHT I_LOOK I_TURN_LEFT I_TURN_LEFT I_JUMP I_TURN_LEFT I_TURN_LEFT I_JUMP I_TURN_LEFT I_TURN_LEFT I_JUMP,True
I_LOOK I_LOOK I_TURN_LEFT I_TURN_LEFT I_TURN_LEFT I_TURN_LEFT I_TURN_LEFT I_TURN_LEFT,I_LOOK I_LOOK I_TURN_LEFT I_TURN_LEFT I_TURN_LEFT I_TURN_LEFT I_TURN_LEFT,False
I_TURN_LEFT I_TURN_LEFT I_LOOK I_TURN_LEFT I_TURN_LEFT I_LOOK I_TURN_RIGHT I_TURN_RIGHT I_TURN_RIGHT I_TURN_RIGHT,I_TURN_LEFT I_TURN_LEFT I_LOOK I_TURN_LEFT I_TURN_LEFT I_LOOK I_TURN_RIGHT I_TURN_RIGHT I_TURN_RIGHT I_TURN_RIGHT,True
I_TURN_LEFT I_TURN_LEFT I_TURN_LEFT I_TURN_LEFT I_TURN_LEFT I_TURN_LEFT I_TURN_RIGHT I_TURN_RIGHT I_TURN_RIGHT,I_TURN_LEFT I_TURN_LEFT I_TURN_LEFT I_TURN_LEFT I_TURN_LEFT I_TURN_LEFT I_TURN_RIGHT I_TURN_RIGHT I_TURN_RIGHT,True
I_TURN_RIGHT I_TURN_RIGHT I_WALK I_TURN_RIGHT I_TURN_RIGHT I_WALK I_TURN_RIGHT I_TURN_RIGHT I_WALK I_TURN_LEFT I_TURN_LEFT I_RUN,I_TURN_RIGHT I_TURN_RIGHT I_WALK I_TURN_RIGHT I_TURN_RIGHT I_WALK I_TURN_RIGHT I_TURN_RIGHT I_WALK I_TURN_LEFT I_TURN_LEFT I_RUN,True
I_TURN_RIGHT I_TURN_RIGHT I_TURN_RIGHT I_TURN_RIGHT I_TURN_RIGHT I_TURN_RIGHT I_TURN_RIGHT I_TURN_RIGHT I_JUMP I_JUMP I_JUMP,I_TURN_RIGHT I_TURN_RIGHT I_TURN_RIGHT I_TURN_RIGHT I_TURN_RIGHT I_TURN_RIGHT I_TURN_RIGHT I_TURN_RIGHT I_JUMP I_JUMP I_JUMP,True
I_TURN_RIGHT I_TURN_RIGHT I_JUMP I_TURN_LEFT I_RUN I_TURN_LEFT I_RUN I_TURN_LEFT I_RUN I_TURN_LEFT I_RUN I_TURN_LEFT I_RUN I_TURN_LEFT I_RUN I_TURN_LEFT I_RUN I_TURN_LEFT I_RUN,I_TURN_RIGHT I_TURN_RIGHT I_JUMP I_TURN_LEFT I_RUN I_TURN_LEFT I_RUN I_TURN_LEFT I_RUN I_TURN_LEFT I_RUN I_TURN_LEFT I_RUN I_TURN_LEFT I_RUN I_TURN_LEFT I_RUN I_TURN_LEFT I_RUN,True
I_WALK I_WALK I_JUMP I_JUMP,I_WALK I_WALK I_JUMP I_JUMP,True
I_TURN_LEFT I_LOOK I_TURN_LEFT I_LOOK I_TURN_LEFT I_LOOK I_TURN_LEFT I_LOOK I_TURN_LEFT I_LOOK I_TURN_LEFT I_LOOK I_TURN_LEFT I_LOOK I_TURN_LEFT I_LOOK I_TURN_LEFT I_LOOK I_TURN_LEFT I_LOOK I_TURN_LEFT I_LOOK I_TURN_LEFT I_LOOK I_TURN_LEFT I_WALK I_TURN_LEFT I_WALK I_TURN_LEFT I_WALK,I_TURN_LEFT I_LOOK I_TURN_LEFT I_LOOK I_TURN_LEFT I_LOOK I_TURN_LEFT I_LOOK I_TURN_LEFT I_LOOK I_TURN_LEFT I_LOOK I_TURN_LEFT I_LOOK I_TURN_LEFT I_LOOK I_TURN_LEFT I_LOOK I_TURN_LEFT I_LOOK I_TURN_LEFT I_LOOK I_TURN_LEFT I_LOOK I_TURN_LEFT I_WALK I_TURN_LEFT I_WALK I_TURN_LEFT I_WALK,True
I_TURN_RIGHT I_TURN_RIGHT I_WALK I_TURN_LEFT I_LOOK I_TURN_LEFT I_LOOK I_TURN_LEFT I_LOOK I_TURN_LEFT I_LOOK I_TURN_LEFT I_LOOK I_TURN_LEFT I_LOOK I_TURN_LEFT I_LOOK I_TURN_LEFT I_LOOK,I_TURN_RIGHT I_TURN_RIGHT I_WALK I_TURN_LEFT I_LOOK I_TURN_LEFT I_LOOK I_TURN_LEFT I_LOOK I_TURN_LEFT I_LOOK I_TURN_LEFT I_LOOK I_TURN_LEFT I_LOOK I_TURN_LEFT I_LOOK I_TURN_LEFT I_LOOK,True
I_TURN_LEFT I_TURN_LEFT I_LOOK I_WALK,I_TURN_LEFT I_TURN_LEFT I_LOOK I_WALK,True
I_TURN_LEFT I_TURN_LEFT I_WALK I_TURN_RIGHT I_TURN_RIGHT I_LOOK I_TURN_RIGHT I_TURN_RIGHT I_LOOK I_TURN_RIGHT I_TURN_RIGHT I_LOOK,I_TURN_LEFT I_TURN_LEFT I_WALK I_TURN_RIGHT I_TURN_RIGHT I_LOOK I_TURN_RIGHT I_TURN_RIGHT I_LOOK I_TURN_RIGHT I_TURN_RIGHT I_LOOK,True
I_RUN I_RUN I_RUN I_TURN_LEFT I_JUMP I_TURN_LEFT I_JUMP I_TURN_LEFT I_JUMP,I_RUN I_RUN I_RUN I_TURN_LEFT I_JUMP I_TURN_LEFT I_JUMP I_TURN_LEFT I_JUMP,True
I_TURN_RIGHT I_WALK I_TURN_RIGHT I_WALK I_TURN_RIGHT I_WALK I_TURN_RIGHT I_WALK I_TURN_RIGHT I_WALK I_TURN_RIGHT I_WALK I_TURN_RIGHT I_WALK I_TURN_RIGHT I_WALK I_TURN_RIGHT I_WALK I_TURN_RIGHT I_WALK I_TURN_RIGHT I_WALK I_TURN_RIGHT I_WALK I_TURN_RIGHT I_TURN_RIGHT I_WALK I_TURN_RIGHT I_TURN_RIGHT I_WALK,I_TURN_RIGHT I_WALK I_TURN_RIGHT I_WALK I_TURN_RIGHT I_WALK I_TURN_RIGHT I_WALK I_TURN_RIGHT I_WALK I_TURN_RIGHT I_WALK I_TURN_RIGHT I_WALK I_TURN_RIGHT I_WALK I_TURN_RIGHT I_WALK I_TURN_RIGHT I_WALK I_TURN_RIGHT I_WALK I_TURN_RIGHT I_WALK I_TURN_RIGHT I_TURN_RIGHT I_WALK I_TURN_RIGHT I_TURN_RIGHT I_WALK,True
I_TURN_LEFT I_LOOK I_TURN_LEFT I_LOOK I_TURN_LEFT I_LOOK I_TURN_LEFT I_LOOK I_TURN_RIGHT I_TURN_RIGHT I_TURN_RIGHT I_TURN_RIGHT I_TURN_RIGHT I_TURN_RIGHT I_TURN_RIGHT I_TURN_RIGHT,I_TURN_LEFT I_LOOK I_TURN_LEFT I_LOOK I_TURN_LEFT I_LOOK I_TURN_LEFT I_LOOK I_TURN_RIGHT I_TURN_RIGHT I_TURN_RIGHT I_TURN_RIGHT I_TURN_RIGHT I_TURN_RIGHT I_TURN_RIGHT I_TURN_RIGHT,True
I_TURN_RIGHT I_JUMP I_TURN_RIGHT I_JUMP I_TURN_RIGHT I_JUMP I_TURN_RIGHT I_JUMP I_TURN_RIGHT I_JUMP I_TURN_RIGHT I_JUMP I_TURN_RIGHT I_JUMP I_TURN_RIGHT I_JUMP I_TURN_RIGHT I_LOOK,I_TURN_RIGHT I_JUMP I_TURN_RIGHT I_JUMP I_TURN_RIGHT I_JUMP I_TURN_RIGHT I_JUMP I_TURN_RIGHT I_JUMP I_TURN_RIGHT I_JUMP I_TURN_RIGHT I_JUMP I_TURN_RIGHT I_JUMP I_TURN_RIGHT I_LOOK,True
I_WALK I_WALK I_TURN_RIGHT I_TURN_RIGHT I_TURN_RIGHT,I_WALK I_WALK I_TURN_RIGHT I_TURN_RIGHT I_TURN_RIGHT,True
I_TURN_LEFT I_TURN_LEFT I_JUMP I_TURN_LEFT I_TURN_LEFT I_JUMP I_TURN_RIGHT I_LOOK I_TURN_RIGHT I_LOOK I_TURN_RIGHT I_LOOK I_TURN_RIGHT I_LOOK I_TURN_RIGHT I_LOOK I_TURN_RIGHT I_LOOK I_TURN_RIGHT I_LOOK I_TURN_RIGHT I_LOOK I_TURN_RIGHT I_LOOK I_TURN_RIGHT I_LOOK I_TURN_RIGHT I_LOOK I_TURN_RIGHT I_LOOK,I_TURN_LEFT I_TURN_LEFT I_JUMP I_TURN_LEFT I_TURN_LEFT I_JUMP I_TURN_RIGHT I_LOOK I_TURN_RIGHT I_LOOK I_TURN_RIGHT I_LOOK I_TURN_RIGHT I_LOOK I_TURN_RIGHT I_LOOK I_TURN_RIGHT I_LOOK I_TURN_RIGHT I_LOOK I_TURN_RIGHT I_LOOK I_TURN_RIGHT I_LOOK I_TURN_RIGHT I_LOOK I_TURN_RIGHT I_LOOK I_TURN_RIGHT I_LOOK,True
I_TURN_RIGHT I_TURN_RIGHT I_RUN I_TURN_RIGHT I_TURN_RIGHT I_RUN I_TURN_RIGHT I_LOOK,I_TURN_RIGHT I_TURN_RIGHT I_RUN I_TURN_RIGHT I_TURN_RIGHT I_RUN I_TURN_RIGHT I_LOOK,True
I_TURN_RIGHT I_TURN_RIGHT I_WALK I_TURN_RIGHT I_TURN_RIGHT I_WALK I_TURN_LEFT I_RUN I_TURN_LEFT I_RUN I_TURN_LEFT I_RUN I_TURN_LEFT I_RUN I_TURN_LEFT I_RUN I_TURN_LEFT I_RUN I_TURN_LEFT I_RUN I_TURN_LEFT I_RUN,I_TURN_RIGHT I_TURN_RIGHT I_WALK I_TURN_RIGHT I_TURN_RIGHT I_WALK I_TURN_LEFT I_RUN I_TURN_LEFT I_RUN I_TURN_LEFT I_RUN I_TURN_LEFT I_RUN I_TURN_LEFT I_RUN I_TURN_LEFT I_RUN I_TURN_LEFT I_RUN I_TURN_LEFT I_RUN,True
I_TURN_RIGHT I_TURN_RIGHT I_WALK I_WALK,I_TURN_RIGHT I_TURN_RIGHT I_WALK I_WALK,True
I_TURN_LEFT I_TURN_LEFT I_TURN_RIGHT I_TURN_RIGHT I_RUN I_TURN_RIGHT I_TURN_RIGHT I_RUN I_TURN_RIGHT I_TURN_RIGHT I_RUN,I_TURN_LEFT I_TURN_LEFT I_TURN_RIGHT I_TURN_RIGHT I_RUN I_TURN_RIGHT I_TURN_RIGHT I_RUN I_TURN_RIGHT I_TURN_RIGHT I_RUN,True
I_TURN_RIGHT I_TURN_LEFT I_LOOK I_TURN_LEFT I_LOOK I_TURN_LEFT I_LOOK I_TURN_LEFT I_LOOK,I_TURN_RIGHT I_TURN_LEFT I_LOOK I_TURN_LEFT I_LOOK I_TURN_LEFT I_LOOK I_TURN_LEFT I_LOOK,True
I_TURN_RIGHT I_TURN_RIGHT I_TURN_RIGHT I_TURN_RIGHT I_RUN I_RUN I_RUN,I_TURN_RIGHT I_TURN_RIGHT I_TURN_RIGHT I_TURN_RIGHT I_RUN I_RUN I_RUN,True
I_TURN_LEFT I_LOOK I_TURN_LEFT I_LOOK I_TURN_LEFT I_LOOK I_TURN_LEFT I_LOOK I_LOOK I_LOOK,I_TURN_LEFT I_LOOK I_TURN_LEFT I_LOOK I_TURN_LEFT I_LOOK I_TURN_LEFT I_LOOK I_LOOK I_LOOK,True
I_TURN_LEFT I_TURN_LEFT I_TURN_LEFT I_TURN_LEFT I_TURN_LEFT I_TURN_LEFT I_TURN_LEFT I_TURN_LEFT I_TURN_LEFT I_TURN_LEFT I_TURN_LEFT I_TURN_LEFT I_TURN_RIGHT I_TURN_RIGHT,I_TURN_LEFT I_TURN_LEFT I_TURN_LEFT I_TURN_LEFT I_TURN_LEFT I_TURN_LEFT I_TURN_LEFT I_TURN_LEFT I_TURN_LEFT I_TURN_LEFT I_TURN_LEFT I_TURN_LEFT I_TURN_RIGHT I_TURN_RIGHT,True
I_TURN_LEFT I_LOOK I_TURN_LEFT I_LOOK I_TURN_LEFT I_LOOK I_TURN_LEFT I_LOOK I_TURN_RIGHT I_TURN_RIGHT I_WALK,I_TURN_LEFT I_LOOK I_TURN_LEFT I_LOOK I_TURN_LEFT I_LOOK I_TURN_LEFT I_LOOK I_TURN_RIGHT I_TURN_RIGHT I_WALK,True
I_TURN_RIGHT I_RUN I_TURN_RIGHT I_RUN I_TURN_RIGHT I_RUN I_TURN_RIGHT I_RUN I_TURN_RIGHT I_RUN I_TURN_RIGHT I_RUN I_TURN_RIGHT I_RUN I_TURN_RIGHT I_RUN I_TURN_RIGHT I_RUN I_TURN_RIGHT I_RUN I_TURN_RIGHT I_RUN I_TURN_RIGHT I_RUN I_TURN_RIGHT I_TURN_RIGHT I_JUMP,I_TURN_RIGHT I_RUN I_TURN_RIGHT I_RUN I_TURN_RIGHT I_RUN I_TURN_RIGHT I_RUN I_TURN_RIGHT I_RUN I_TURN_RIGHT I_RUN I_TURN_RIGHT I_RUN I_TURN_RIGHT I_RUN I_TURN_RIGHT I_RUN I_TURN_RIGHT I_RUN I_TURN_RIGHT I_RUN I_TURN_RIGHT I_RUN I_TURN_RIGHT I_TURN_RIGHT I_JUMP,True
I_TURN_LEFT I_TURN_LEFT I_TURN_LEFT I_TURN_LEFT I_TURN_LEFT I_TURN_LEFT I_TURN_LEFT I_TURN_LEFT I_TURN_RIGHT I_RUN,I_TURN_LEFT I_TURN_LEFT I_TURN_LEFT I_TURN_LEFT I_TURN_LEFT I_TURN_LEFT I_TURN_LEFT I_TURN_LEFT I_TURN_RIGHT I_RUN,True
I_TURN_LEFT I_TURN_LEFT I_RUN I_TURN_LEFT I_TURN_LEFT I_RUN I_TURN_LEFT I_LOOK I_TURN_LEFT I_LOOK,I_TURN_LEFT I_TURN_LEFT I_RUN I_TURN_LEFT I_TURN_LEFT I_RUN I_TURN_LEFT I_LOOK I_TURN_LEFT I_LOOK,True
I_TURN_LEFT I_TURN_LEFT I_JUMP I_TURN_LEFT I_TURN_LEFT I_JUMP I_TURN_RIGHT I_TURN_RIGHT I_JUMP,I_TURN_LEFT I_TURN_LEFT I_JUMP I_TURN_LEFT I_TURN_LEFT I_JUMP I_TURN_RIGHT I_TURN_RIGHT I_JUMP,True
I_TURN_LEFT I_LOOK I_TURN_RIGHT I_WALK,I_TURN_LEFT I_LOOK I_TURN_RIGHT I_WALK,True
I_TURN_RIGHT I_TURN_RIGHT I_RUN I_TURN_RIGHT I_TURN_RIGHT I_RUN I_TURN_LEFT I_WALK I_TURN_LEFT I_WALK,I_TURN_RIGHT I_TURN_RIGHT I_RUN I_TURN_RIGHT I_TURN_RIGHT I_RUN I_TURN_LEFT I_WALK I_TURN_LEFT I_WALK,True
I_TURN_LEFT I_TURN_LEFT I_JUMP I_TURN_RIGHT I_JUMP I_TURN_RIGHT I_JUMP I_TURN_RIGHT I_JUMP I_TURN_RIGHT I_JUMP I_TURN_RIGHT I_JUMP I_TURN_RIGHT I_JUMP I_TURN_RIGHT I_JUMP I_TURN_RIGHT I_JUMP I_TURN_RIGHT I_JUMP I_TURN_RIGHT I_JUMP I_TURN_RIGHT I_JUMP I_TURN_RIGHT I_JUMP,I_TURN_LEFT I_TURN_LEFT I_JUMP I_TURN_RIGHT I_JUMP I_TURN_RIGHT I_JUMP I_TURN_RIGHT I_JUMP I_TURN_RIGHT I_JUMP I_TURN_RIGHT I_JUMP I_TURN_RIGHT I_JUMP I_TURN_RIGHT I_JUMP I_TURN_RIGHT I_JUMP I_TURN_RIGHT I_JUMP I_TURN_RIGHT I_JUMP I_TURN_RIGHT I_JUMP I_TURN_RIGHT I_JUMP,True
I_TURN_RIGHT I_TURN_RIGHT I_LOOK I_TURN_RIGHT I_TURN_RIGHT I_LOOK I_TURN_RIGHT I_TURN_RIGHT I_LOOK,I_TURN_RIGHT I_TURN_RIGHT I_LOOK I_TURN_RIGHT I_TURN_RIGHT I_LOOK I_TURN_RIGHT I_TURN_RIGHT I_LOOK,True
I_TURN_LEFT I_RUN I_TURN_LEFT I_RUN I_TURN_LEFT I_RUN I_TURN_RIGHT I_TURN_RIGHT I_RUN I_TURN_RIGHT I_TURN_RIGHT I_RUN I_TURN_RIGHT I_TURN_RIGHT I_RUN,I_TURN_LEFT I_RUN I_TURN_LEFT I_RUN I_TURN_LEFT I_RUN I_TURN_RIGHT I_TURN_RIGHT I_RUN I_TURN_RIGHT I_TURN_RIGHT I_RUN I_TURN_RIGHT I_TURN_RIGHT I_RUN,True
I_TURN_RIGHT I_TURN_RIGHT I_LOOK I_TURN_RIGHT I_TURN_RIGHT I_LOOK I_TURN_RIGHT I_TURN_RIGHT I_LOOK I_TURN_RIGHT I_TURN_RIGHT I_WALK I_TURN_RIGHT I_TURN_RIGHT I_WALK I_TURN_RIGHT I_TURN_RIGHT I_WALK,I_TURN_RIGHT I_TURN_RIGHT I_LOOK I_TURN_RIGHT I_TURN_RIGHT I_LOOK I_TURN_RIGHT I_TURN_RIGHT I_LOOK I_TURN_RIGHT I_TURN_RIGHT I_WALK I_TURN_RIGHT I_TURN_RIGHT I_WALK I_TURN_RIGHT I_TURN_RIGHT I_WALK,True
I_TURN_RIGHT I_TURN_RIGHT I_TURN_RIGHT I_TURN_RIGHT I_LOOK,I_TURN_RIGHT I_TURN_RIGHT I_TURN_RIGHT I_TURN_RIGHT I_LOOK,True
I_TURN_LEFT I_TURN_LEFT I_TURN_LEFT I_TURN_LEFT I_TURN_RIGHT I_TURN_RIGHT I_WALK I_TURN_RIGHT I_TURN_RIGHT I_WALK I_TURN_RIGHT I_TURN_RIGHT I_WALK,I_TURN_LEFT I_TURN_LEFT I_TURN_LEFT I_TURN_LEFT I_TURN_RIGHT I_TURN_RIGHT I_WALK I_TURN_RIGHT I_TURN_RIGHT I_WALK I_TURN_RIGHT I_TURN_RIGHT I_WALK,True
I_TURN_LEFT I_TURN_LEFT I_TURN_LEFT I_TURN_LEFT I_TURN_LEFT I_TURN_LEFT I_TURN_RIGHT I_LOOK,I_TURN_LEFT I_TURN_LEFT I_TURN_LEFT I_TURN_LEFT I_TURN_LEFT I_TURN_LEFT I_TURN_RIGHT I_LOOK,True
I_TURN_LEFT I_TURN_LEFT I_JUMP I_JUMP I_JUMP,I_TURN_LEFT I_TURN_LEFT I_JUMP I_JUMP I_JUMP,True
I_TURN_RIGHT I_LOOK I_TURN_RIGHT I_LOOK I_TURN_RIGHT I_LOOK I_TURN_RIGHT I_LOOK I_TURN_RIGHT I_LOOK I_TURN_RIGHT I_LOOK I_TURN_RIGHT I_LOOK I_TURN_RIGHT I_LOOK I_TURN_RIGHT I_LOOK I_TURN_RIGHT I_LOOK I_TURN_RIGHT I_LOOK I_TURN_RIGHT I_LOOK I_TURN_LEFT I_TURN_LEFT I_LOOK I_TURN_LEFT I_TURN_LEFT I_LOOK I_TURN_LEFT I_TURN_LEFT I_LOOK,I_TURN_RIGHT I_LOOK I_TURN_RIGHT I_LOOK I_TURN_RIGHT I_LOOK I_TURN_RIGHT I_LOOK I_TURN_RIGHT I_LOOK I_TURN_RIGHT I_LOOK I_TURN_RIGHT I_LOOK I_TURN_RIGHT I_LOOK I_TURN_RIGHT I_LOOK I_TURN_RIGHT I_LOOK I_TURN_RIGHT I_LOOK I_TURN_RIGHT I_LOOK I_TURN_LEFT I_TURN_LEFT I_LOOK I_TURN_LEFT I_TURN_LEFT I_LOOK I_TURN_LEFT I_TURN_LEFT I_LOOK,True
I_WALK I_WALK I_JUMP I_JUMP I_JUMP,I_WALK I_WALK I_JUMP I_JUMP I_JUMP,True
I_TURN_LEFT I_RUN I_TURN_LEFT I_RUN I_JUMP I_JUMP I_JUMP,I_TURN_LEFT I_RUN I_TURN_LEFT I_RUN I_JUMP I_JUMP,False
I_TURN_RIGHT I_TURN_RIGHT I_LOOK I_TURN_RIGHT I_TURN_RIGHT I_LOOK I_TURN_LEFT I_TURN_LEFT I_TURN_LEFT I_TURN_LEFT I_TURN_LEFT I_TURN_LEFT I_TURN_LEFT I_TURN_LEFT I_TURN_LEFT I_TURN_LEFT I_TURN_LEFT I_TURN_LEFT,I_TURN_RIGHT I_TURN_RIGHT I_LOOK I_TURN_RIGHT I_TURN_RIGHT I_LOOK I_TURN_LEFT I_TURN_LEFT I_TURN_LEFT I_TURN_LEFT I_TURN_LEFT I_TURN_LEFT I_TURN_LEFT I_TURN_LEFT I_TURN_LEFT I_TURN_LEFT I_TURN_LEFT I_TURN_LEFT,True
I_TURN_LEFT I_JUMP I_TURN_LEFT I_JUMP I_TURN_LEFT I_JUMP I_TURN_LEFT I_JUMP I_TURN_LEFT I_JUMP I_TURN_LEFT I_JUMP I_TURN_LEFT I_JUMP I_TURN_LEFT I_JUMP I_TURN_RIGHT I_JUMP I_TURN_RIGHT I_JUMP I_TURN_RIGHT I_JUMP I_TURN_RIGHT I_JUMP I_TURN_RIGHT I_JUMP I_TURN_RIGHT I_JUMP I_TURN_RIGHT I_JUMP I_TURN_RIGHT I_JUMP I_TURN_RIGHT I_JUMP I_TURN_RIGHT I_JUMP I_TURN_RIGHT I_JUMP I_TURN_RIGHT I_JUMP,I_TURN_LEFT I_JUMP I_TURN_LEFT I_JUMP I_TURN_LEFT I_JUMP I_TURN_LEFT I_JUMP I_TURN_LEFT I_JUMP I_TURN_LEFT I_JUMP I_TURN_LEFT I_JUMP I_TURN_LEFT I_JUMP I_TURN_RIGHT I_JUMP I_TURN_RIGHT I_JUMP I_TURN_RIGHT I_JUMP I_TURN_RIGHT I_JUMP I_TURN_RIGHT I_JUMP I_TURN_RIGHT I_JUMP I_TURN_RIGHT I_JUMP I_TURN_RIGHT I_JUMP I_TURN_RIGHT I_JUMP I_TURN_RIGHT I_JUMP I_TURN_RIGHT I_JUMP I_TURN_RIGHT I_JUMP,True
I_TURN_LEFT I_TURN_LEFT I_TURN_LEFT I_TURN_LEFT I_TURN_LEFT I_TURN_LEFT I_TURN_LEFT I_TURN_LEFT I_TURN_LEFT I_TURN_LEFT I_TURN_LEFT I_TURN_LEFT I_TURN_LEFT I_TURN_LEFT I_WALK I_TURN_LEFT I_TURN_LEFT I_WALK,I_TURN_LEFT I_TURN_LEFT I_TURN_LEFT I_TURN_LEFT I_TURN_LEFT I_TURN_LEFT I_TURN_LEFT I_TURN_LEFT I_TURN_LEFT I_TURN_LEFT I_TURN_LEFT I_TURN_LEFT I_TURN_LEFT I_TURN_LEFT I_WALK I_TURN_LEFT I_TURN_LEFT I_WALK,True
I_WALK I_WALK I_WALK I_TURN_LEFT I_TURN_LEFT I_TURN_LEFT I_TURN_LEFT I_TURN_LEFT I_TURN_LEFT I_TURN_LEFT I_TURN_LEFT,I_WALK I_WALK I_WALK I_TURN_LEFT I_TURN_LEFT I_TURN_LEFT I_TURN_LEFT I_TURN_LEFT I_TURN_LEFT I_TURN_LEFT,False
I_TURN_RIGHT I_RUN I_TURN_RIGHT I_RUN I_LOOK I_LOOK,I_TURN_RIGHT I_RUN I_TURN_RIGHT I_RUN I_LOOK I_LOOK,True
I_TURN_LEFT I_RUN I_TURN_LEFT I_RUN I_RUN I_RUN I_RUN,I_TURN_LEFT I_RUN I_TURN_LEFT I_RUN I_RUN I_RUN,False
I_TURN_RIGHT I_TURN_RIGHT I_RUN I_TURN_RIGHT I_WALK I_TURN_RIGHT I_WALK,I_TURN_RIGHT I_TURN_RIGHT I_RUN I_TURN_RIGHT I_WALK I_TURN_RIGHT I_WALK,True
I_TURN_LEFT I_RUN I_TURN_RIGHT I_LOOK I_TURN_RIGHT I_LOOK I_TURN_RIGHT I_LOOK I_TURN_RIGHT I_LOOK,I_TURN_LEFT I_RUN I_TURN_RIGHT I_LOOK I_TURN_RIGHT I_LOOK I_TURN_RIGHT I_LOOK I_TURN_RIGHT I_LOOK,True
I_RUN I_RUN I_TURN_RIGHT I_TURN_RIGHT I_TURN_RIGHT I_TURN_RIGHT I_TURN_RIGHT I_TURN_RIGHT,I_RUN I_RUN I_TURN_RIGHT I_TURN_RIGHT I_TURN_RIGHT I_TURN_RIGHT I_TURN_RIGHT I_TURN_RIGHT,True
I_TURN_LEFT I_TURN_LEFT I_TURN_LEFT I_TURN_LEFT I_TURN_RIGHT I_LOOK I_TURN_RIGHT I_LOOK I_TURN_RIGHT I_LOOK,I_TURN_LEFT I_TURN_LEFT I_TURN_LEFT I_TURN_LEFT I_TURN_RIGHT I_LOOK I_TURN_RIGHT I_LOOK I_TURN_RIGHT I_LOOK,True
I_TURN_LEFT I_TURN_LEFT I_TURN_LEFT I_TURN_LEFT I_TURN_LEFT I_TURN_LEFT,I_TURN_LEFT I_TURN_LEFT I_TURN_LEFT I_TURN_LEFT I_TURN_LEFT I_TURN_LEFT,True
I_TURN_RIGHT I_WALK I_TURN_RIGHT I_WALK I_TURN_RIGHT I_RUN I_TURN_RIGHT I_RUN I_TURN_RIGHT I_RUN,I_TURN_RIGHT I_WALK I_TURN_RIGHT I_WALK I_TURN_RIGHT I_RUN I_TURN_RIGHT I_RUN I_TURN_RIGHT I_RUN,True
I_TURN_LEFT I_TURN_LEFT I_TURN_LEFT I_TURN_RIGHT I_RUN I_TURN_RIGHT I_RUN I_TURN_RIGHT I_RUN,I_TURN_LEFT I_TURN_LEFT I_TURN_LEFT I_TURN_RIGHT I_RUN I_TURN_RIGHT I_RUN I_TURN_RIGHT I_RUN,True
I_TURN_RIGHT I_RUN I_TURN_RIGHT I_RUN I_TURN_RIGHT I_RUN I_TURN_RIGHT I_RUN I_TURN_RIGHT I_TURN_RIGHT I_JUMP I_TURN_RIGHT I_TURN_RIGHT I_JUMP I_TURN_RIGHT I_TURN_RIGHT I_JUMP,I_TURN_RIGHT I_RUN I_TURN_RIGHT I_RUN I_TURN_RIGHT I_RUN I_TURN_RIGHT I_RUN I_TURN_RIGHT I_TURN_RIGHT I_JUMP I_TURN_RIGHT I_TURN_RIGHT I_JUMP I_TURN_RIGHT I_TURN_RIGHT I_JUMP,True
I_TURN_RIGHT I_RUN I_TURN_RIGHT I_RUN I_TURN_RIGHT I_RUN I_TURN_RIGHT I_RUN I_TURN_RIGHT I_RUN I_TURN_RIGHT I_RUN I_TURN_RIGHT I_RUN I_TURN_RIGHT I_RUN I_TURN_LEFT I_TURN_LEFT I_LOOK,I_TURN_RIGHT I_RUN I_TURN_RIGHT I_RUN I_TURN_RIGHT I_RUN I_TURN_RIGHT I_RUN I_TURN_RIGHT I_RUN I_TURN_RIGHT I_RUN I_TURN_RIGHT I_RUN I_TURN_RIGHT I_RUN I_TURN_LEFT I_TURN_LEFT I_LOOK,True
I_TURN_LEFT I_TURN_LEFT I_JUMP I_TURN_LEFT I_TURN_LEFT I_LOOK,I_TURN_LEFT I_TURN_LEFT I_JUMP I_TURN_LEFT I_TURN_LEFT I_LOOK,True
I_TURN_RIGHT I_RUN I_TURN_RIGHT I_RUN I_TURN_RIGHT I_RUN I_TURN_RIGHT I_RUN I_TURN_RIGHT I_RUN I_TURN_RIGHT I_RUN I_TURN_RIGHT I_RUN I_TURN_RIGHT I_RUN I_TURN_RIGHT I_RUN I_TURN_RIGHT I_RUN I_TURN_RIGHT I_RUN I_TURN_RIGHT I_RUN I_TURN_LEFT I_RUN I_TURN_LEFT I_RUN I_TURN_LEFT I_RUN I_TURN_LEFT I_RUN,I_TURN_RIGHT I_RUN I_TURN_RIGHT I_RUN I_TURN_RIGHT I_RUN I_TURN_RIGHT I_RUN I_TURN_RIGHT I_RUN I_TURN_RIGHT I_RUN I_TURN_RIGHT I_RUN I_TURN_RIGHT I_RUN I_TURN_RIGHT I_RUN I_TURN_RIGHT I_RUN I_TURN_RIGHT I_RUN I_TURN_RIGHT I_RUN I_TURN_LEFT I_RUN I_TURN_LEFT I_RUN I_TURN_LEFT I_RUN I_TURN_LEFT I_RUN,True
I_TURN_RIGHT I_WALK I_TURN_RIGHT I_WALK I_TURN_RIGHT I_WALK I_TURN_RIGHT I_JUMP I_TURN_RIGHT I_JUMP,I_TURN_RIGHT I_WALK I_TURN_RIGHT I_WALK I_TURN_RIGHT I_WALK I_TURN_RIGHT I_JUMP I_TURN_RIGHT I_JUMP,True
I_JUMP I_TURN_LEFT I_TURN_LEFT I_RUN I_TURN_LEFT I_TURN_LEFT I_RUN I_TURN_LEFT I_TURN_LEFT I_RUN,I_JUMP I_TURN_LEFT I_TURN_LEFT I_RUN I_TURN_LEFT I_TURN_LEFT I_RUN I_TURN_LEFT I_TURN_LEFT I_RUN,True
I_TURN_RIGHT I_TURN_RIGHT I_JUMP I_TURN_RIGHT I_JUMP I_TURN_RIGHT I_JUMP I_TURN_RIGHT I_JUMP I_TURN_RIGHT I_JUMP I_TURN_RIGHT I_JUMP I_TURN_RIGHT I_JUMP I_TURN_RIGHT I_JUMP I_TURN_RIGHT I_JUMP I_TURN_RIGHT I_JUMP I_TURN_RIGHT I_JUMP I_TURN_RIGHT I_JUMP I_TURN_RIGHT I_JUMP,I_TURN_RIGHT I_TURN_RIGHT I_JUMP I_TURN_RIGHT I_JUMP I_TURN_RIGHT I_JUMP I_TURN_RIGHT I_JUMP I_TURN_RIGHT I_JUMP I_TURN_RIGHT I_JUMP I_TURN_RIGHT I_JUMP I_TURN_RIGHT I_JUMP I_TURN_RIGHT I_JUMP I_TURN_RIGHT I_JUMP I_TURN_RIGHT I_JUMP I_TURN_RIGHT I_JUMP I_TURN_RIGHT I_JUMP,True
I_TURN_RIGHT I_TURN_RIGHT I_TURN_LEFT I_RUN I_TURN_LEFT I_RUN I_TURN_LEFT I_RUN I_TURN_LEFT I_RUN,I_TURN_RIGHT I_TURN_RIGHT I_TURN_LEFT I_RUN I_TURN_LEFT I_RUN I_TURN_LEFT I_RUN I_TURN_LEFT I_RUN,True
I_LOOK I_TURN_RIGHT I_RUN I_TURN_RIGHT I_RUN I_TURN_RIGHT I_RUN,I_LOOK I_TURN_RIGHT I_RUN I_TURN_RIGHT I_RUN I_TURN_RIGHT I_RUN,True
I_TURN_RIGHT I_RUN I_TURN_RIGHT I_TURN_RIGHT I_RUN I_TURN_RIGHT I_TURN_RIGHT I_RUN I_TURN_RIGHT I_TURN_RIGHT I_RUN,I_TURN_RIGHT I_RUN I_TURN_RIGHT I_TURN_RIGHT I_RUN I_TURN_RIGHT I_TURN_RIGHT I_RUN I_TURN_RIGHT I_TURN_RIGHT I_RUN,True
I_JUMP I_JUMP I_TURN_RIGHT I_TURN_RIGHT I_TURN_RIGHT I_TURN_RIGHT I_TURN_RIGHT I_TURN_RIGHT I_TURN_RIGHT I_TURN_RIGHT I_TURN_RIGHT I_TURN_RIGHT I_TURN_RIGHT I_TURN_RIGHT,I_JUMP I_JUMP I_TURN_RIGHT I_TURN_RIGHT I_TURN_RIGHT I_TURN_RIGHT I_TURN_RIGHT I_TURN_RIGHT I_TURN_RIGHT I_TURN_RIGHT I_TURN_RIGHT I_TURN_RIGHT I_TURN_RIGHT I_TURN_RIGHT,True
I_TURN_RIGHT I_WALK I_TURN_RIGHT I_WALK I_TURN_RIGHT I_WALK I_TURN_RIGHT I_WALK I_TURN_LEFT I_TURN_LEFT I_TURN_LEFT,I_TURN_RIGHT I_WALK I_TURN_RIGHT I_WALK I_TURN_RIGHT I_WALK I_TURN_RIGHT I_WALK I_TURN_LEFT I_TURN_LEFT I_TURN_LEFT I_TURN_LEFT,False
I_TURN_RIGHT I_TURN_RIGHT I_JUMP I_TURN_RIGHT I_TURN_RIGHT I_JUMP I_TURN_LEFT I_RUN I_TURN_LEFT I_RUN I_TURN_LEFT I_RUN I_TURN_LEFT I_RUN I_TURN_LEFT I_RUN I_TURN_LEFT I_RUN I_TURN_LEFT I_RUN I_TURN_LEFT I_RUN I_TURN_LEFT I_RUN I_TURN_LEFT I_RUN I_TURN_LEFT I_RUN I_TURN_LEFT I_RUN,I_TURN_RIGHT I_TURN_RIGHT I_JUMP I_TURN_RIGHT I_TURN_RIGHT I_JUMP I_TURN_LEFT I_RUN I_TURN_LEFT I_RUN I_TURN_LEFT I_RUN I_TURN_LEFT I_RUN I_TURN_LEFT I_RUN I_TURN_LEFT I_RUN I_TURN_LEFT I_RUN I_TURN_LEFT I_RUN I_TURN_LEFT I_RUN I_TURN_LEFT I_RUN I_TURN_LEFT I_RUN I_TURN_LEFT I_RUN,True
I_TURN_RIGHT I_TURN_RIGHT I_JUMP I_TURN_RIGHT I_TURN_RIGHT I_JUMP I_TURN_RIGHT I_LOOK I_TURN_RIGHT I_LOOK I_TURN_RIGHT I_LOOK I_TURN_RIGHT I_LOOK I_TURN_RIGHT I_LOOK I_TURN_RIGHT I_LOOK I_TURN_RIGHT I_LOOK I_TURN_RIGHT I_LOOK,I_TURN_RIGHT I_TURN_RIGHT I_JUMP I_TURN_RIGHT I_TURN_RIGHT I_JUMP I_TURN_RIGHT I_LOOK I_TURN_RIGHT I_LOOK I_TURN_RIGHT I_LOOK I_TURN_RIGHT I_LOOK I_TURN_RIGHT I_LOOK I_TURN_RIGHT I_LOOK I_TURN_RIGHT I_LOOK I_TURN_RIGHT I_LOOK,True
I_TURN_LEFT I_LOOK I_TURN_LEFT I_LOOK I_TURN_LEFT I_LOOK I_TURN_LEFT I_LOOK I_TURN_LEFT I_RUN I_TURN_LEFT I_RUN I_TURN_LEFT I_RUN,I_TURN_LEFT I_LOOK I_TURN_LEFT I_LOOK I_TURN_LEFT I_LOOK I_TURN_LEFT I_LOOK I_TURN_LEFT I_RUN I_TURN_LEFT I_RUN I_TURN_LEFT I_RUN,True
I_TURN_RIGHT I_RUN I_TURN_RIGHT I_RUN I_TURN_RIGHT I_RUN I_TURN_RIGHT I_RUN I_TURN_RIGHT,I_TURN_RIGHT I_RUN I_TURN_RIGHT I_RUN I_TURN_RIGHT I_RUN I_TURN_RIGHT I_RUN I_TURN_RIGHT,True
I_TURN_LEFT I_JUMP I_TURN_RIGHT I_LOOK,I_TURN_LEFT I_JUMP I_TURN_RIGHT I_LOOK,True
I_TURN_LEFT I_RUN I_TURN_LEFT I_RUN I_TURN_LEFT I_WALK I_TURN_LEFT I_WALK I_TURN_LEFT I_WALK I_TURN_LEFT I_WALK I_TURN_LEFT I_WALK I_TURN_LEFT I_WALK I_TURN_LEFT I_WALK I_TURN_LEFT I_WALK,I_TURN_LEFT I_RUN I_TURN_LEFT I_RUN I_TURN_LEFT I_WALK I_TURN_LEFT I_WALK I_TURN_LEFT I_WALK I_TURN_LEFT I_WALK I_TURN_LEFT I_WALK I_TURN_LEFT I_WALK I_TURN_LEFT I_WALK I_TURN_LEFT I_WALK,True
I_TURN_LEFT I_JUMP I_TURN_LEFT I_JUMP I_TURN_LEFT I_JUMP I_TURN_LEFT I_JUMP I_RUN I_RUN,I_TURN_LEFT I_JUMP I_TURN_LEFT I_JUMP I_TURN_LEFT I_JUMP I_TURN_LEFT I_JUMP I_RUN I_RUN,True
I_TURN_LEFT I_TURN_LEFT I_RUN I_TURN_LEFT I_TURN_LEFT I_RUN I_TURN_LEFT I_TURN_LEFT I_RUN I_TURN_LEFT I_TURN_LEFT I_RUN,I_TURN_LEFT I_TURN_LEFT I_RUN I_TURN_LEFT I_TURN_LEFT I_RUN I_TURN_LEFT I_TURN_LEFT I_RUN I_TURN_LEFT I_TURN_LEFT I_RUN,True
I_TURN_LEFT I_TURN_LEFT I_TURN_LEFT I_TURN_LEFT I_TURN_LEFT I_TURN_LEFT I_TURN_LEFT I_JUMP I_TURN_LEFT I_JUMP I_TURN_LEFT I_JUMP I_TURN_LEFT I_JUMP I_TURN_LEFT I_JUMP I_TURN_LEFT I_JUMP I_TURN_LEFT I_JUMP I_TURN_LEFT I_JUMP I_TURN_LEFT I_JUMP I_TURN_LEFT I_JUMP I_TURN_LEFT I_JUMP I_TURN_LEFT I_JUMP,I_TURN_LEFT I_TURN_LEFT I_TURN_LEFT I_TURN_LEFT I_TURN_LEFT I_TURN_LEFT I_TURN_LEFT I_JUMP I_TURN_LEFT I_JUMP I_TURN_LEFT I_JUMP I_TURN_LEFT I_JUMP I_TURN_LEFT I_JUMP I_TURN_LEFT I_JUMP I_TURN_LEFT I_JUMP I_TURN_LEFT I_JUMP I_TURN_LEFT I_JUMP I_TURN_LEFT I_JUMP I_TURN_LEFT I_JUMP I_TURN_LEFT I_JUMP,True
I_RUN I_RUN I_LOOK,I_RUN I_RUN I_LOOK,True
I_TURN_RIGHT I_LOOK I_TURN_RIGHT I_LOOK I_TURN_RIGHT I_LOOK I_TURN_RIGHT I_LOOK I_TURN_RIGHT I_LOOK I_TURN_RIGHT I_LOOK I_TURN_RIGHT I_LOOK I_TURN_RIGHT I_LOOK I_TURN_RIGHT I_LOOK I_TURN_RIGHT I_LOOK I_TURN_RIGHT I_LOOK I_TURN_RIGHT I_LOOK I_TURN_RIGHT I_RUN I_TURN_RIGHT I_RUN I_TURN_RIGHT I_RUN I_TURN_RIGHT I_RUN I_TURN_RIGHT I_RUN I_TURN_RIGHT I_RUN I_TURN_RIGHT I_RUN I_TURN_RIGHT I_RUN I_TURN_RIGHT I_RUN I_TURN_RIGHT I_RUN I_TURN_RIGHT I_RUN I_TURN_RIGHT I_RUN,I_TURN_RIGHT I_LOOK I_TURN_RIGHT I_LOOK I_TURN_RIGHT I_LOOK I_TURN_RIGHT I_LOOK I_TURN_RIGHT I_LOOK I_TURN_RIGHT I_LOOK I_TURN_RIGHT I_LOOK I_TURN_RIGHT I_LOOK I_TURN_RIGHT I_LOOK I_TURN_RIGHT I_LOOK I_TURN_RIGHT I_LOOK I_TURN_RIGHT I_LOOK I_TURN_RIGHT I_RUN I_TURN_RIGHT I_RUN I_TURN_RIGHT I_RUN I_TURN_RIGHT I_RUN I_TURN_RIGHT I_RUN I_TURN_RIGHT I_RUN I_TURN_RIGHT I_RUN I_TURN_RIGHT I_RUN I_TURN_RIGHT I_RUN I_TURN_RIGHT I_RUN I_TURN_RIGHT I_RUN I_TURN_RIGHT I_RUN,True
I_TURN_RIGHT I_TURN_RIGHT I_LOOK I_TURN_RIGHT I_TURN_RIGHT I_LOOK I_JUMP I_JUMP I_JUMP,I_TURN_RIGHT I_TURN_RIGHT I_LOOK I_TURN_RIGHT I_TURN_RIGHT I_LOOK I_JUMP I_JUMP I_JUMP,True
I_TURN_LEFT I_RUN I_TURN_LEFT I_RUN I_TURN_LEFT I_TURN_LEFT I_RUN,I_TURN_LEFT I_RUN I_TURN_LEFT I_RUN I_TURN_LEFT I_TURN_LEFT I_RUN,True
I_TURN_LEFT I_RUN I_TURN_LEFT I_RUN I_TURN_LEFT I_RUN I_TURN_LEFT I_RUN I_TURN_LEFT I_JUMP,I_TURN_LEFT I_RUN I_TURN_LEFT I_RUN I_TURN_LEFT I_RUN I_TURN_LEFT I_RUN I_TURN_LEFT I_JUMP,True
I_TURN_RIGHT I_TURN_RIGHT I_JUMP I_TURN_LEFT I_TURN_LEFT I_TURN_LEFT I_TURN_LEFT I_TURN_LEFT I_TURN_LEFT,I_TURN_RIGHT I_TURN_RIGHT I_JUMP I_TURN_LEFT I_TURN_LEFT I_TURN_LEFT I_TURN_LEFT I_TURN_LEFT I_TURN_LEFT,True
I_TURN_LEFT I_JUMP I_TURN_LEFT I_JUMP I_TURN_LEFT I_JUMP I_TURN_LEFT I_JUMP I_TURN_LEFT I_JUMP I_TURN_LEFT I_JUMP I_TURN_LEFT I_JUMP I_TURN_LEFT I_JUMP I_TURN_LEFT I_JUMP I_TURN_LEFT I_JUMP I_TURN_LEFT I_JUMP I_TURN_LEFT I_JUMP I_TURN_RIGHT I_WALK I_TURN_RIGHT I_WALK I_TURN_RIGHT I_WALK I_TURN_RIGHT I_WALK I_TURN_RIGHT I_WALK I_TURN_RIGHT I_WALK I_TURN_RIGHT I_WALK I_TURN_RIGHT I_WALK I_TURN_RIGHT I_WALK I_TURN_RIGHT I_WALK I_TURN_RIGHT I_WALK I_TURN_RIGHT I_WALK,I_TURN_LEFT I_JUMP I_TURN_LEFT I_JUMP I_TURN_LEFT I_JUMP I_TURN_LEFT I_JUMP I_TURN_LEFT I_JUMP I_TURN_LEFT I_JUMP I_TURN_LEFT I_JUMP I_TURN_LEFT I_JUMP I_TURN_LEFT I_JUMP I_TURN_LEFT I_JUMP I_TURN_LEFT I_JUMP I_TURN_LEFT I_JUMP I_TURN_RIGHT I_WALK I_TURN_RIGHT I_WALK I_TURN_RIGHT I_WALK I_TURN_RIGHT I_WALK I_TURN_RIGHT I_WALK I_TURN_RIGHT I_WALK I_TURN_RIGHT I_WALK I_TURN_RIGHT I_WALK I_TURN_RIGHT I_WALK I_TURN_RIGHT I_WALK I_TURN_RIGHT I_WALK I_TURN_RIGHT I_WALK,True
I_TURN_RIGHT I_TURN_RIGHT I_WALK I_TURN_RIGHT I_TURN_RIGHT I_WALK I_TURN_RIGHT I_TURN_RIGHT I_WALK I_TURN_RIGHT I_RUN I_TURN_RIGHT I_RUN I_TURN_RIGHT I_RUN,I_TURN_RIGHT I_TURN_RIGHT I_WALK I_TURN_RIGHT I_TURN_RIGHT I_WALK I_TURN_RIGHT I_TURN_RIGHT I_WALK I_TURN_RIGHT I_RUN I_TURN_RIGHT I_RUN I_TURN_RIGHT I_RUN,True